open_time,close,log_return
2026-03-31 15:00:00,66736.8,
2026-03-31 16:00:00,67665.83,0.013824800849511125
2026-03-31 17:00:00,67526.75,-0.0020575100950732447
2026-03-31 18:00:00,67854.05,0.004835259323064509
2026-03-31 19:00:00,67838.8,-0.0002247723452518801
2026-03-31 20:00:00,68265.53,0.006270651320042923
2026-03-31 21:00:00,68277.99,0.00018250591510451825
2026-03-31 22:00:00,68172.87,-0.00154077476383997
2026-03-31 23:00:00,68284.48,0.0016358228397114144
2026-04-01 00:00:00,68330.75,0.0006773769186526928
2026-04-01 01:00:00,67782.73,-0.00805244214187831
2026-04-01 02:00:00,67668.89,-0.0016808957589982726
2026-04-01 03:00:00,68170.67,0.007387866719895829
2026-04-01 04:00:00,68303.83,0.0019514274425899217
2026-04-01 05:00:00,68456.02,0.002225654134941238
2026-04-01 06:00:00,69102.85,0.00940447922199501
2026-04-01 07:00:00,68692.0,-0.005963230374557116
2026-04-01 08:00:00,68670.16,-0.0003179915077635478
2026-04-01 09:00:00,68644.0,-0.0003810240737954211
2026-04-01 10:00:00,68585.55,-0.0008518573956494075
2026-04-01 11:00:00,68712.52,0.001849553110184496
2026-04-01 12:00:00,68393.6,-0.0046521712552371405
2026-04-01 13:00:00,68116.07,-0.004066091176824362
2026-04-01 14:00:00,68593.55,0.006985345165224533
2026-04-01 15:00:00,68918.52,0.00472643026844675
2026-04-01 16:00:00,68816.34,-0.001483720515563799
2026-04-01 17:00:00,68266.62,-0.008020295837378278
2026-04-01 18:00:00,68084.76,-0.0026675213384413973
2026-04-01 19:00:00,68176.84,0.0013515181682310887
2026-04-01 20:00:00,68191.09,0.00020899342025454558
2026-04-01 21:00:00,68362.53,0.0025109563565728485
2026-04-01 22:00:00,68122.99,-0.003510119548893229
2026-04-01 23:00:00,68113.92,-0.00013315040708731604
2026-04-02 00:00:00,68600.29,0.007115164574255741
2026-04-02 01:00:00,67359.27,-0.01825622954496582
2026-04-02 02:00:00,66852.99,-0.00754450303470824
2026-04-02 03:00:00,66576.25,-0.004148122207997168
2026-04-02 04:00:00,66330.27,-0.003701553254991187
2026-04-02 05:00:00,66591.54,0.003931188365210828
2026-04-02 06:00:00,66681.49,0.0013498607131291526
2026-04-02 07:00:00,66930.79,0.0037316972557241987
2026-04-02 08:00:00,66439.12,-0.007373060795288394
2026-04-02 09:00:00,66469.6,0.00045866065874906366
2026-04-02 10:00:00,66457.28,-0.0001853650674007367
2026-04-02 11:00:00,66220.28,-0.003572574775643084
2026-04-02 12:00:00,66052.71,-0.0025337007902353943
2026-04-02 13:00:00,66270.87,0.003297374476495467
2026-04-02 14:00:00,66868.18,0.008972784581081495
2026-04-02 15:00:00,66852.91,-0.00022838581507767254
2026-04-02 16:00:00,67095.85,0.003627361184658693
2026-04-02 17:00:00,66679.16,-0.006229733754152575
2026-04-02 18:00:00,66981.99,0.004531316963275956
2026-04-02 19:00:00,66975.99,-8.95803296528006e-05
2026-04-02 20:00:00,66939.25,-0.0005487052992894088
2026-04-02 21:00:00,66935.93,-4.959843939237263e-05
2026-04-02 22:00:00,66982.48,0.0006951994408357929
2026-04-02 23:00:00,66901.99,-0.0012023800773478895
2026-04-03 00:00:00,66785.86,-0.0017373310919397856
2026-04-03 01:00:00,66630.0,-0.002336454914784338
2026-04-03 02:00:00,66533.81,-0.0014446870621982939
2026-04-03 03:00:00,66579.97,0.0006935420487684283
2026-04-03 04:00:00,66602.66,0.00034073512768932574
2026-04-03 05:00:00,66600.35,-3.468390091532674e-05
2026-04-03 06:00:00,66796.79,0.002945192707969182
2026-04-03 07:00:00,67042.08,0.0036654564497476155
2026-04-03 08:00:00,66965.39,-0.0011445631855022797
2026-04-03 09:00:00,66859.58,-0.0015813195706120217
2026-04-03 10:00:00,66883.08,0.00035142115824287706
2026-04-03 11:00:00,67017.44,0.0020068636790146538
2026-04-03 12:00:00,66722.16,-0.004415752399469144
2026-04-03 13:00:00,66672.0,-0.000752056947083209
2026-04-03 14:00:00,66929.81,0.003859383641631663
2026-04-03 15:00:00,66827.15,-0.0015350232265762907
2026-04-03 16:00:00,67010.46,0.0027392915134325864
2026-04-03 17:00:00,66855.01,-0.002322481964524145
2026-04-03 18:00:00,66812.03,-0.0006430904953270367
2026-04-03 19:00:00,66885.74,0.0011026363037783947
2026-04-03 20:00:00,66831.98,-0.0008040819555784472
2026-04-03 21:00:00,66964.21,0.001976589065067408
2026-04-03 22:00:00,66888.76,-0.0011273565015553577
2026-04-03 23:00:00,66964.3,0.001128700502171782
2026-04-04 00:00:00,66893.39,-0.0010594834952414199
2026-04-04 01:00:00,66852.0,-0.0006189372406976808
2026-04-04 02:00:00,66844.83,-0.00010725759177498654
2026-04-04 03:00:00,66832.18,-0.00018926216314632982
2026-04-04 04:00:00,66860.73,0.00042709819741363405
2026-04-04 05:00:00,66916.29,0.0008306359820916245
2026-04-04 06:00:00,67013.24,0.0014477765573344614
2026-04-04 07:00:00,67014.96,2.5666240389666948e-05
2026-04-04 08:00:00,66940.0,-0.0011191822658062176
2026-04-04 09:00:00,66988.05,0.0007175494911134788
2026-04-04 10:00:00,67167.0,0.0026678102111758555
2026-04-04 11:00:00,67156.93,-0.00014993605411741135
2026-04-04 12:00:00,67097.87,-0.00087981962372699
2026-04-04 13:00:00,67193.44,0.0014233239088101268
2026-04-04 14:00:00,67215.24,0.0003243838149612935
2026-04-04 15:00:00,67383.66,0.0025025477607561013
2026-04-04 16:00:00,67366.68,-0.00025202162888615773
2026-04-04 17:00:00,67329.4,-0.0005535424780276936
2026-04-04 18:00:00,67295.47,-0.0005040673497907888
2026-04-04 19:00:00,67288.42,-0.00010476736861229585
2026-04-04 20:00:00,67268.4,-0.0002975694602135848
2026-04-04 21:00:00,67359.2,0.0013489063723622892
2026-04-04 22:00:00,67399.92,0.0006043375949520642
2026-04-04 23:00:00,67300.42,-0.0014773536295034529
2026-04-05 00:00:00,67225.0,-0.0011212751895049331
2026-04-05 01:00:00,67085.0,-0.002084730112493357
2026-04-05 02:00:00,67170.16,0.001268629249282063
2026-04-05 03:00:00,67145.98,-0.00036004608621447977
2026-04-05 04:00:00,67101.65,-0.0006604213662652413
2026-04-05 05:00:00,66931.65,-0.002536684408414973
2026-04-05 06:00:00,66802.24,-0.001935336516306777
2026-04-05 07:00:00,66820.64,0.0002754019388938115
2026-04-05 08:00:00,66933.18,0.001682793456777483
2026-04-05 09:00:00,67035.15,0.0015223003778891432
2026-04-05 10:00:00,67046.01,0.00016199143897248323
2026-04-05 11:00:00,66999.0,-0.0007014062206014772
2026-04-05 12:00:00,66783.58,-0.0032204519629129686
2026-04-05 13:00:00,66890.7,0.0016027020744680054
2026-04-05 14:00:00,66918.03,0.00040849353222375704
2026-04-05 15:00:00,67306.64,0.005790456937920532
2026-04-05 16:00:00,67212.62,-0.001397866971760749
2026-04-05 17:00:00,67373.64,0.002392815980287854
2026-04-05 18:00:00,67413.78,0.0005956045628978326
2026-04-05 19:00:00,67361.01,-0.0007830841761526195
2026-04-05 20:00:00,67658.35,0.004404412532706747
2026-04-05 21:00:00,67553.43,-0.0015519360969640007
2026-04-05 22:00:00,68338.43,0.011553432735640036
2026-04-05 23:00:00,69034.18,0.010129471209887341
2026-04-06 00:00:00,69083.78,0.0007182266829337099
2026-04-06 01:00:00,68810.18,-0.003968271837804157
2026-04-06 02:00:00,69207.99,0.005764619276277727
2026-04-06 03:00:00,69123.69,-0.0012188098985803082
2026-04-06 04:00:00,69141.8,0.00026195980072203466
2026-04-06 05:00:00,69199.31,0.0008314231874080104
2026-04-06 06:00:00,68976.67,-0.0032225599944989748
2026-04-06 07:00:00,69115.91,0.0020166188101906827
2026-04-06 08:00:00,69224.63,0.0015717738615519659
2026-04-06 09:00:00,69728.0,0.007245234609319727
2026-04-06 10:00:00,69770.88,0.0006147719802556811
2026-04-06 11:00:00,69614.91,-0.0022379622068741415
2026-04-06 12:00:00,69366.75,-0.003571122459326541
2026-04-06 13:00:00,69428.23,0.0008859110613508691
2026-04-06 14:00:00,69654.38,0.0032520269688275072
2026-04-06 15:00:00,69968.87,0.004504844742476833
2026-04-06 16:00:00,69799.14,-0.0024287400734015383
2026-04-06 17:00:00,69574.61,-0.003221986841006324
2026-04-06 18:00:00,69888.97,0.004508138001372861
2026-04-06 19:00:00,69739.53,-0.0021405380285538706
2026-04-06 20:00:00,69826.01,0.0012392745525579953
2026-04-06 21:00:00,69504.99,-0.004608027905384619
2026-04-06 22:00:00,68811.0,-0.010034932674316004
2026-04-06 23:00:00,68853.66,0.0006197669229782393
2026-04-07 00:00:00,68775.7,-0.0011328979272765983
2026-04-07 01:00:00,68400.01,-0.005477514048565466
2026-04-07 02:00:00,68674.0,0.003997699708352653
2026-04-07 03:00:00,68779.21,0.001530848505416747
2026-04-07 04:00:00,68854.65,0.0010962419793350644
2026-04-07 05:00:00,68669.0,-0.0026999008937600992
2026-04-07 06:00:00,68568.35,-0.001466802121226727
2026-04-07 07:00:00,68624.61,0.0008201587479947346
2026-04-07 08:00:00,68936.71,0.00453762053913708
2026-04-07 09:00:00,69150.05,0.0030899438837309586
2026-04-07 10:00:00,68237.93,-0.013278212567858506
2026-04-07 11:00:00,68345.75,0.0015788126721503794
2026-04-07 12:00:00,68392.18,0.0006791093266427336
2026-04-07 13:00:00,68231.99,-0.002344974149241098
2026-04-07 14:00:00,67860.48,-0.005459683740546791
2026-04-07 15:00:00,68168.1,0.004522880771098923
2026-04-07 16:00:00,68229.99,0.0009074907756758518
2026-04-07 17:00:00,68705.81,0.006949561984983814
2026-04-07 18:00:00,68442.53,-0.0038393512223199116
2026-04-07 19:00:00,69011.29,0.008275699373961264
2026-04-07 20:00:00,69319.39,0.004454550638649613
2026-04-07 21:00:00,69927.64,0.008736328073049023
2026-04-07 22:00:00,71514.09,0.022433500110125168
2026-04-07 23:00:00,71924.22,0.005718571526310748
2026-04-08 00:00:00,71710.19,-0.002980207297281317
2026-04-08 01:00:00,71476.97,-0.003257557538510973
2026-04-08 02:00:00,71364.94,-0.0015685875800807779
2026-04-08 03:00:00,71287.39,-0.0010872588991645612
2026-04-08 04:00:00,71566.18,0.0039031625732497714
2026-04-08 05:00:00,71731.1,0.002301789298658119
2026-04-08 06:00:00,71732.69,2.2165871960644543e-05
2026-04-08 07:00:00,71627.59,-0.0014662362382257548
2026-04-08 08:00:00,71800.0,0.002404141114587964
2026-04-08 09:00:00,71678.87,-0.0016884720206932322
2026-04-08 10:00:00,71476.98,-0.002820564215098778
2026-04-08 11:00:00,71675.12,0.0027682461735731
2026-04-08 12:00:00,72071.95,0.005521239606244918
2026-04-08 13:00:00,71600.01,-0.006569711966809873
2026-04-08 14:00:00,70912.88,-0.009643132276338388
2026-04-08 15:00:00,71310.0,0.005584488685156026
2026-04-08 16:00:00,71602.1,0.004087833105221681
2026-04-08 17:00:00,71888.19,0.003987592179100014
2026-04-08 18:00:00,71099.63,-0.011029862466994673
2026-04-08 19:00:00,71318.48,0.0030733475154476556
2026-04-08 20:00:00,71372.93,0.0007631854313147311
2026-04-08 21:00:00,71551.39,0.0024972669836007574
2026-04-08 22:00:00,71064.84,-0.0068232330593932
2026-04-08 23:00:00,71069.93,7.162216538822155e-05
2026-04-09 00:00:00,70815.5,-0.0035864186014721152
2026-04-09 01:00:00,70928.89,0.001599922567482452
2026-04-09 02:00:00,71060.64,0.001855771165817637
2026-04-09 03:00:00,70992.39,-0.0009609088275206471
2026-04-09 04:00:00,70782.0,-0.002967957110444678
2026-04-09 05:00:00,70984.0,0.0028497684452762377
2026-04-09 06:00:00,71031.84,0.0006737276885392957
2026-04-09 07:00:00,70982.01,-0.0007017625681577265
2026-04-09 08:00:00,71249.51,0.003761477278711263
2026-04-09 09:00:00,71534.68,0.003994425141431315
2026-04-09 10:00:00,71276.45,-0.003616388742717129
2026-04-09 11:00:00,71150.17,-0.0017732644794951147
2026-04-09 12:00:00,71279.63,0.0018178785008756695
2026-04-09 13:00:00,70801.98,-0.006723625941899486
2026-04-09 14:00:00,71123.71,0.004533788789090269
2026-04-09 15:00:00,72141.99,0.01421550514641294
2026-04-09 16:00:00,72080.87,-0.0008475771962779909
2026-04-09 17:00:00,72347.49,0.0036920768589718982
2026-04-09 18:00:00,71888.69,-0.006361809462814629
2026-04-09 19:00:00,72096.32,0.0028840522206856705
2026-04-09 20:00:00,72413.97,0.0043962338128063745
2026-04-09 21:00:00,72264.95,-0.002060010576509412
2026-04-09 22:00:00,71946.01,-0.0044232493842148056
2026-04-09 23:00:00,71787.97,-0.002199063348674002
2026-04-10 00:00:00,71963.03,0.00243560165202672
2026-04-10 01:00:00,72157.93,0.0027046741683101174
2026-04-10 02:00:00,71965.36,-0.0026722969562784377
2026-04-10 03:00:00,71868.67,-0.0013444664599143205
2026-04-10 04:00:00,72117.29,0.003453395693379941
2026-04-10 05:00:00,72127.84,0.00014627876890972193
2026-04-10 06:00:00,71805.38,-0.004480696527078667
2026-04-10 07:00:00,71481.85,-0.004515832287428734
2026-04-10 08:00:00,71606.07,0.001736275587858
2026-04-10 09:00:00,71787.41,0.0025292655798870548
2026-04-10 10:00:00,71910.09,0.001707476188602723
2026-04-10 11:00:00,72127.59,0.0030200453841271505
2026-04-10 12:00:00,72258.68,0.0018158241226031888
2026-04-10 13:00:00,72321.4,0.0008676161188236695
2026-04-10 14:00:00,72909.0,0.008092013880944405
2026-04-10 15:00:00,72460.51,-0.006170364376416569
2026-04-10 16:00:00,72992.33,0.007312643327002622
2026-04-10 17:00:00,73121.66,0.0017702621600413013
2026-04-10 18:00:00,73107.07,-0.00019955038997342223
2026-04-10 19:00:00,73236.11,0.0017635264375576002
2026-04-10 20:00:00,73361.68,0.0017131231065643199
2026-04-10 21:00:00,73190.67,-0.002333774622067933
2026-04-10 22:00:00,72877.0,-0.0042948652793525265
2026-04-10 23:00:00,72962.7,0.0011752631123675013
2026-04-11 00:00:00,72828.42,-0.001842088022520026
2026-04-11 01:00:00,72954.39,0.0017281877246319627
2026-04-11 02:00:00,72966.57,0.0001669396915741285
2026-04-11 03:00:00,72866.63,-0.001370607181976563
2026-04-11 04:00:00,72806.08,-0.0008313156731566837
2026-04-11 05:00:00,72722.28,-0.0011516656858117714
2026-04-11 06:00:00,72762.0,0.0005460383896720297
2026-04-11 07:00:00,72745.38,-0.0002284420222846499
2026-04-11 08:00:00,72664.17,-0.0011169831478536037
2026-04-11 09:00:00,72907.11,0.003337749390412991
2026-04-11 10:00:00,72843.71,-0.0008699780076537167
2026-04-11 11:00:00,72907.05,0.0008691550423121404
2026-04-11 12:00:00,72940.49,0.00045856105061460985
2026-04-11 13:00:00,72658.07,-0.003879438837894258
2026-04-11 14:00:00,72704.67,0.0006411546947497901
2026-04-11 15:00:00,72858.17,0.002109055537784251
2026-04-11 16:00:00,73034.33,0.0024149299739478322
2026-04-11 17:00:00,73095.97,0.0008436307002153201
2026-04-11 18:00:00,73547.89,0.006163523391509355
2026-04-11 19:00:00,73687.15,0.0018916698297836913
2026-04-11 20:00:00,73290.43,-0.0053983874745178
2026-04-11 21:00:00,73427.04,0.0018622191273976053
2026-04-11 22:00:00,73376.01,-0.0006952171914049828
2026-04-11 23:00:00,73043.16,-0.004546543644022817
2026-04-12 00:00:00,73079.96,0.0005036848484759613
2026-04-12 01:00:00,71643.69,-0.0198491007605495
2026-04-12 02:00:00,71761.35,0.0016409468788822533
2026-04-12 03:00:00,71593.19,-0.002346072571265311
2026-04-12 04:00:00,71466.53,-0.001770729498072845
2026-04-12 05:00:00,71710.2,0.003403768688613714
2026-04-12 06:00:00,71668.01,-0.000588513431960187
2026-04-12 07:00:00,71665.0,-4.2000094750456915e-05
2026-04-12 08:00:00,71629.21,-0.0004995317081440497
2026-04-12 09:00:00,71531.94,-0.0013588884270356583
2026-04-12 10:00:00,71452.89,-0.0011057118164755164
2026-04-12 11:00:00,71468.55,0.00021914136972971704
2026-04-12 12:00:00,71084.01,-0.005395075791389983
2026-04-12 13:00:00,70889.42,-0.002741218858349852
2026-04-12 14:00:00,70748.34,-0.0019921247929514385
2026-04-12 15:00:00,70892.03,0.002028942021161431
2026-04-12 16:00:00,70936.27,0.0006238529466238112
2026-04-12 17:00:00,71140.51,0.002875067138873456
2026-04-12 18:00:00,71137.64,-4.034351023516995e-05
2026-04-12 19:00:00,71084.18,-0.0007517834115450536
2026-04-12 20:00:00,71335.43,0.0035283099097135123
2026-04-12 21:00:00,71364.02,0.0004007023206122995
2026-04-12 22:00:00,70912.73,-0.006343854684531899
2026-04-12 23:00:00,70740.98,-0.002424928851655175
2026-04-13 00:00:00,71172.62,0.006083156668024126
2026-04-13 01:00:00,71197.64,0.00035147790356740476
2026-04-13 02:00:00,71073.14,-0.0017501841457553617
2026-04-13 03:00:00,70976.0,-0.0013676959275141258
2026-04-13 04:00:00,70890.3,-0.0012081799613394104
2026-04-13 05:00:00,70878.82,-0.00016195346384448287
2026-04-13 06:00:00,71017.66,0.0019569202041901665
2026-04-13 07:00:00,70813.88,-0.0028735518238425456
2026-04-13 08:00:00,70680.7,-0.0018824754888749488
2026-04-13 09:00:00,70792.88,0.0015858794767360737
2026-04-13 10:00:00,70755.88,-0.0005227880603502985
2026-04-13 11:00:00,70929.68,0.0024533211030403207
2026-04-13 12:00:00,71074.91,0.0020454275546182405
2026-04-13 13:00:00,71662.65,0.008235300109025649
2026-04-13 14:00:00,72400.15,0.010238679835468105
2026-04-13 15:00:00,71866.59,-0.007396887636917947
2026-04-13 16:00:00,72202.36,0.004661248769371503
2026-04-13 17:00:00,72148.87,-0.0007411090636117275
2026-04-13 18:00:00,72424.86,0.0038179873378020746
2026-04-13 19:00:00,73322.82,0.012322273150967372
2026-04-13 20:00:00,73149.36,-0.002368505488071823
2026-04-13 21:00:00,73179.71,0.00041481846956604724
2026-04-13 22:00:00,74627.04,0.019584711270708804
2026-04-13 23:00:00,74417.99,-0.0028051943373961167
2026-04-14 00:00:00,74163.82,-0.0034212835060420266
2026-04-14 01:00:00,74386.02,0.0029915907781121512
2026-04-14 02:00:00,74330.98,-0.0007401978591957597
2026-04-14 03:00:00,74444.43,0.0015251179209017183
2026-04-14 04:00:00,74387.85,-0.0007603189674397854
2026-04-14 05:00:00,74210.11,-0.002392227790523036
2026-04-14 06:00:00,74522.73,0.004203785261949914
2026-04-14 07:00:00,74546.0,0.0003122049834196447
2026-04-14 08:00:00,74750.0,0.002732827764466559
2026-04-14 09:00:00,74500.0,-0.0033500868852819744
2026-04-14 10:00:00,74350.01,-0.0020153179803676356
2026-04-14 11:00:00,74376.52,0.00035649322660544127
2026-04-14 12:00:00,74452.0,0.0010143218043350884
2026-04-14 13:00:00,75525.94,0.014321550969059986
2026-04-14 14:00:00,75013.62,-0.006806476356120166
2026-04-14 15:00:00,75317.07,0.0040371052928861
2026-04-14 16:00:00,74652.2,-0.008866807926938476
2026-04-14 17:00:00,74748.9,0.001294502028480838
2026-04-14 18:00:00,74093.19,-0.008810871198745955
2026-04-14 19:00:00,74223.18,0.001752875064075724
2026-04-14 20:00:00,74102.29,-0.0016300643007322517
2026-04-14 21:00:00,74277.15,0.002356931404343233
2026-04-14 22:00:00,74023.15,-0.003425485293941353
2026-04-14 23:00:00,74131.55,0.001463335545123427
2026-04-15 00:00:00,74568.36,0.005875070891799667
2026-04-15 01:00:00,74613.28,0.0006022188971455204
2026-04-15 02:00:00,74322.0,-0.00391150265240489
2026-04-15 03:00:00,74345.97,0.0003224635435286691
2026-04-15 04:00:00,74340.38,-7.519183842541306e-05
2026-04-15 05:00:00,74021.5,-0.0042986849592403
2026-04-15 06:00:00,73891.62,-0.0017561665034240017
2026-04-15 07:00:00,73730.43,-0.002183820967945942
2026-04-15 08:00:00,74110.51,0.005141753527371742
2026-04-15 09:00:00,74011.69,-0.0013343039012560691
2026-04-15 10:00:00,73864.75,-0.001987335485783364
2026-04-15 11:00:00,74201.78,0.004552420888983719
2026-04-15 12:00:00,74273.77,0.0009697220268439179
2026-04-15 13:00:00,74063.92,-0.002829356989339533
2026-04-15 14:00:00,74151.81,0.0011859741243616486
2026-04-15 15:00:00,73844.08,-0.004158634993125421
2026-04-15 16:00:00,73941.09,0.0013128518096057252
2026-04-15 17:00:00,74134.95,0.0026183859422197328
2026-04-15 18:00:00,74390.29,0.0034383415445954735
2026-04-15 19:00:00,75002.6,0.008197357033013629
2026-04-15 20:00:00,74841.68,-0.002147830559333987
2026-04-15 21:00:00,74743.1,-0.0013180487248972386
2026-04-15 22:00:00,74964.0,0.0029510979815622787
2026-04-15 23:00:00,74809.99,-0.002056566087097454
2026-04-16 00:00:00,74815.1,6.830405250863836e-05
2026-04-16 01:00:00,74657.66,-0.0021066053536945724
2026-04-16 02:00:00,74887.24,0.003070384618388219
2026-04-16 03:00:00,74888.21,1.2952723560622256e-05
2026-04-16 04:00:00,74944.15,0.0007467012145995424
2026-04-16 05:00:00,75043.48,0.0013245094214960694
2026-04-16 06:00:00,75045.01,2.038797245614053e-05
2026-04-16 07:00:00,74707.03,-0.004513869378502583
2026-04-16 08:00:00,74677.91,-0.00038986527515870223
2026-04-16 09:00:00,74594.02,-0.0011239890692360049
2026-04-16 10:00:00,74313.0,-0.0037744403672421893
2026-04-16 11:00:00,74574.79,0.0035166116682462945
2026-04-16 12:00:00,74624.0,0.0006596568482154391
2026-04-16 13:00:00,73788.03,-0.011265647958548224
2026-04-16 14:00:00,73973.33,0.002508099507703082
2026-04-16 15:00:00,74697.19,0.009737851458894454
2026-04-16 16:00:00,74175.57,-0.007007623618834097
2026-04-16 17:00:00,74343.25,0.0022580312885045572
2026-04-16 18:00:00,75026.71,0.0091513015035279
2026-04-16 19:00:00,75342.99,0.004206704760560937
2026-04-16 20:00:00,75223.47,-0.001587604903563228
2026-04-16 21:00:00,74934.24,-0.0038523544038637355
2026-04-16 22:00:00,74867.92,-0.0008854345535856704
2026-04-16 23:00:00,75154.29,0.003817706029223972
2026-04-17 00:00:00,74944.98,-0.0027889560778351103
2026-04-17 01:00:00,74750.0,-0.0026050320493618733
2026-04-17 02:00:00,74700.0,-0.0006691201320242076
2026-04-17 03:00:00,74615.82,-0.0011275430683572527
2026-04-17 04:00:00,74791.39,0.0023502223328317976
2026-04-17 05:00:00,74637.77,-0.002056092052170056
2026-04-17 06:00:00,74938.52,0.004021364686809036
2026-04-17 07:00:00,75074.77,0.0018165062237522676
2026-04-17 08:00:00,75780.38,0.009354869831947978
2026-04-17 09:00:00,75779.99,-5.146464078959107e-06
2026-04-17 10:00:00,75278.77,-0.006636117486927908
2026-04-17 11:00:00,75589.7,0.004121874374691993
2026-04-17 12:00:00,76233.05,0.00847506517706917
2026-04-17 13:00:00,77340.12,0.014417742073987536
2026-04-17 14:00:00,77886.77,0.00704326756571412
2026-04-17 15:00:00,77785.02,-0.0013072376760079635
2026-04-17 16:00:00,77857.14,0.0009267412526487626
2026-04-17 17:00:00,77520.59,-0.0043320304180221834
2026-04-17 18:00:00,77159.89,-0.004663816065271931
2026-04-17 19:00:00,77393.58,0.0030240689916712915
2026-04-17 20:00:00,77337.64,-0.000723060316298162
2026-04-17 21:00:00,77445.73,0.0013966618968253193
2026-04-17 22:00:00,77301.25,-0.0018673067736957511
2026-04-17 23:00:00,77072.0,-0.0029700763380259843
2026-04-18 00:00:00,77168.0,0.0012448134387509767
2026-04-18 01:00:00,77218.07,0.0006486336721374689
2026-04-18 02:00:00,77292.52,0.0009636880651582774
2026-04-18 03:00:00,77005.47,-0.003720726772336322
2026-04-18 04:00:00,77100.74,0.0012364201564217677
2026-04-18 05:00:00,77134.66,0.00043984714983532833
2026-04-18 06:00:00,77136.01,1.7501706578832093e-05
2026-04-18 07:00:00,76997.8,-0.0017933772874698481
2026-04-18 08:00:00,76738.63,-0.003371617846416225
2026-04-18 09:00:00,76599.89,-0.0018095914563422987
2026-04-18 10:00:00,76189.56,-0.005371195282034215
2026-04-18 11:00:00,76039.05,-0.0019774213144771132
2026-04-18 12:00:00,76206.97,0.002205904208093467
2026-04-18 13:00:00,76122.87,-0.0011041829827262216
2026-04-18 14:00:00,76249.99,0.0016685389969327675
2026-04-18 15:00:00,76167.34,-0.0010845224503146544
2026-04-18 16:00:00,75943.35,-0.0029450942849523036
2026-04-18 17:00:00,75828.51,-0.0015133243002589608
2026-04-18 18:00:00,75651.78,-0.0023333739351282952
2026-04-18 19:00:00,75649.85,-2.5511952516285132e-05
2026-04-18 20:00:00,75754.78,0.001386087292041448
2026-04-18 21:00:00,75821.34,0.0008782386602608156
2026-04-18 22:00:00,75813.53,-0.00010301060708403305
2026-04-18 23:00:00,75691.76,-0.0016074689698385802
2026-04-19 00:00:00,75693.01,1.6514210775902274e-05
2026-04-19 01:00:00,75621.95,-0.000939233043763066
2026-04-19 02:00:00,75496.0,-0.0016669102401616006
2026-04-19 03:00:00,75515.77,0.00026183389695978205
2026-04-19 04:00:00,75664.62,0.001969171373335306
2026-04-19 05:00:00,75545.6,-0.0015742325430077781
2026-04-19 06:00:00,75400.09,-0.0019279787991689794
2026-04-19 07:00:00,75252.34,-0.0019614691561315473
2026-04-19 08:00:00,75257.6,6.989571588620028e-05
2026-04-19 09:00:00,75015.0,-0.003228801667928239
2026-04-19 10:00:00,75222.45,0.002761630097486815
2026-04-19 11:00:00,75604.11,0.005060923150661383
2026-04-19 12:00:00,75571.6,-0.0004300955557098289
2026-04-19 13:00:00,75921.75,0.004622653384154173
2026-04-19 14:00:00,76024.01,0.0013460068308452598
2026-04-19 15:00:00,75846.63,-0.002335936434555204
2026-04-19 16:00:00,75382.86,-0.006133346794180653
2026-04-19 17:00:00,74791.26,-0.00787889498393274
2026-04-19 18:00:00,74770.11,-0.0002828270447238856
2026-04-19 19:00:00,74965.47,0.0026094013306670826
2026-04-19 20:00:00,74630.0,-0.0044850363763930924
2026-04-19 21:00:00,74425.15,-0.002748648791690011
2026-04-19 22:00:00,74047.34,-0.005089303957541434
2026-04-19 23:00:00,73801.79,-0.003321632339232057
2026-04-20 00:00:00,74280.01,0.006458885055403791
2026-04-20 01:00:00,74595.13,0.0042333524672083355
2026-04-20 02:00:00,74410.01,-0.002484747777745092
2026-04-20 03:00:00,74634.0,0.0030056916561828793
2026-04-20 04:00:00,74567.64,-0.0008895345168556251
2026-04-20 05:00:00,74264.15,-0.004078301022256899
2026-04-20 06:00:00,74786.59,0.00701025891656011
2026-04-20 07:00:00,74837.17,0.0006760958543844045
2026-04-20 08:00:00,74728.91,-0.0014476546942560876
2026-04-20 09:00:00,75062.77,0.004457664842772496
2026-04-20 10:00:00,75027.26,-0.0004731826712617179
2026-04-20 11:00:00,75192.71,0.002202770602333158
2026-04-20 12:00:00,75289.9,0.0012917108962102277
2026-04-20 13:00:00,75269.38,-0.00027258366441507446
2026-04-20 14:00:00,75034.79,-0.0031215393490042456
2026-04-20 15:00:00,75716.77,0.009047795623235804
2026-04-20 16:00:00,75338.74,-0.005005190332985606
2026-04-20 17:00:00,75898.14,0.007397700232111601
2026-04-20 18:00:00,76423.69,0.006900548469637942
2026-04-20 19:00:00,76296.96,-0.0016596318715054851
2026-04-20 20:00:00,76276.17,-0.0002725250524607963
2026-04-20 21:00:00,75954.71,-0.004223328115950785
2026-04-20 22:00:00,75974.24,0.00025709386009150156
2026-04-20 23:00:00,75840.97,-0.001755687512905388
2026-04-21 00:00:00,76092.45,0.0033104004327532406
2026-04-21 01:00:00,75927.59,-0.0021689254209955734
2026-04-21 02:00:00,75581.33,-0.004570827946657521
2026-04-21 03:00:00,75710.3,0.0017049195813450691
2026-04-21 04:00:00,75813.81,0.0013662514315556978
2026-04-21 05:00:00,75802.0,-0.00015578850284654781
2026-04-21 06:00:00,75974.11,0.002267946829996285
2026-04-21 07:00:00,76084.34,0.0014498374711683277
2026-04-21 08:00:00,76507.21,0.0055425229317240966
2026-04-21 09:00:00,76362.77,-0.0018897110208692157
2026-04-21 10:00:00,76746.41,0.005011336392475142
2026-04-21 11:00:00,76452.94,-0.0038312219858510376
2026-04-21 12:00:00,76009.46,-0.005817581918824563
2026-04-21 13:00:00,75899.98,-0.0014413853273973576
2026-04-21 14:00:00,75675.05,-0.002967905269188982
2026-04-21 15:00:00,75834.65,0.002106796581780084
2026-04-21 16:00:00,75781.18,-0.0007053353494390633
2026-04-21 17:00:00,75545.62,-0.0031132646730402678
2026-04-21 18:00:00,75610.21,0.0008546147896671555
2026-04-21 19:00:00,75023.43,-0.007790862227126331
2026-04-21 20:00:00,75698.51,0.008958012541051526
2026-04-21 21:00:00,75549.99,-0.0019639209345760286
2026-04-21 22:00:00,75650.04,0.0013234126289851577
2026-04-21 23:00:00,76336.15,0.009028644783625228
2026-04-22 00:00:00,76370.45,0.00044922748036870457
2026-04-22 01:00:00,76297.99,-0.0009492466870160246
2026-04-22 02:00:00,77604.71,0.016981526661512564
2026-04-22 03:00:00,77521.48,-0.0010730619760127105
2026-04-22 04:00:00,77523.0,1.9607276570687712e-05
2026-04-22 05:00:00,77994.93,0.006069158052900454
2026-04-22 06:00:00,78010.72,0.00020242856657973676
2026-04-22 07:00:00,78012.79,2.6534462660415533e-05
2026-04-22 08:00:00,78010.92,-2.397071573402406e-05
2026-04-22 09:00:00,78001.95,-0.00011499051340940704
2026-04-22 10:00:00,78157.41,0.0019910436538280413
2026-04-22 11:00:00,78300.0,0.0018227329658325228
2026-04-22 12:00:00,78236.05,-0.0008170642297121883
2026-04-22 13:00:00,78840.94,0.007701866328183059
2026-04-22 14:00:00,79045.75,0.002594393674086774
2026-04-22 15:00:00,79272.9,0.0028695312380026625
2026-04-22 16:00:00,78743.59,-0.006699452439873608
2026-04-22 17:00:00,78900.0,0.0019843502843842624
2026-04-22 18:00:00,79022.39,0.0015500021814964563
2026-04-22 19:00:00,78846.62,-0.0022267837447082117
2026-04-22 20:00:00,78436.68,-0.00521277120042615
2026-04-22 21:00:00,78762.69,0.004147732492579069
2026-04-22 22:00:00,78607.95,-0.0019665682222554707
2026-04-22 23:00:00,78178.23,-0.0054816193113924536
2026-04-23 00:00:00,78424.29,0.0031424807530636488
2026-04-23 01:00:00,78359.23,-0.0008299342141876677
2026-04-23 02:00:00,77939.92,-0.0053654931065491495
2026-04-23 03:00:00,77746.46,-0.0024852540032757687
2026-04-23 04:00:00,77920.09,0.002230794888240449
2026-04-23 05:00:00,78033.87,0.0014591488435121193
2026-04-23 06:00:00,78211.43,0.0022728373453339253
2026-04-23 07:00:00,78048.62,-0.002083834721863469
2026-04-23 08:00:00,77858.35,-0.002440815756503982
2026-04-23 09:00:00,77655.34,-0.0026108327224085423
2026-04-23 10:00:00,77403.63,-0.003246638631730022
2026-04-23 11:00:00,77704.62,0.003881036344664162
2026-04-23 12:00:00,77870.53,0.0021328607158023105
2026-04-23 13:00:00,77532.23,-0.004353854904540327
2026-04-23 14:00:00,78180.77,0.008329988505884886
2026-04-23 15:00:00,78376.76,0.002503745458735835
2026-04-23 16:00:00,78103.72,-0.003489767887994033
2026-04-23 17:00:00,77769.21,-0.004292092456721635
2026-04-23 18:00:00,77678.65,-0.0011651496552627638
2026-04-23 19:00:00,77727.26,0.000625587554364352
2026-04-23 20:00:00,77886.97,0.0020526407652559767
2026-04-23 21:00:00,77864.83,-0.00028429848193243737
2026-04-23 22:00:00,78235.3,0.004746577668540613
2026-04-23 23:00:00,78257.48,0.00028346355849150133
2026-04-24 00:00:00,78417.22,0.0020391301895021845
2026-04-24 01:00:00,78429.73,0.00015951856286043983
2026-04-24 02:00:00,78125.65,-0.0038846366364501
2026-04-24 03:00:00,77737.85,-0.00497615927051767
2026-04-24 04:00:00,77670.0,-0.000873186319880904
2026-04-24 05:00:00,77953.48,0.0036431560782814653
2026-04-24 06:00:00,77789.75,-0.0021025640770105207
2026-04-24 07:00:00,77644.6,-0.0018676700766925589
2026-04-24 08:00:00,77785.71,0.0018157338651473693
2026-04-24 09:00:00,77527.69,-0.003322575352387654
2026-04-24 10:00:00,77752.36,0.002893741427534394
2026-04-24 11:00:00,78240.26,0.006255444532996232
2026-04-24 12:00:00,78275.66,0.00045235015842022124
2026-04-24 13:00:00,78093.79,-0.0023261587478684283
2026-04-24 14:00:00,78037.64,-0.0007192658444328811
2026-04-24 15:00:00,78038.62,1.2557963651885446e-05
2026-04-24 16:00:00,77777.28,-0.003354474672490417
2026-04-24 17:00:00,77681.71,-0.0012295205576672186
2026-04-24 18:00:00,77618.24,-0.0008173860137597816
2026-04-24 19:00:00,77628.85,0.00013668533196364876
2026-04-24 20:00:00,77718.31,0.001151743100924866
2026-04-24 21:00:00,77536.48,-0.0023423442604939048
2026-04-24 22:00:00,77328.91,-0.002680652201218316
2026-04-24 23:00:00,77437.13,0.001398498244679981
2026-04-25 00:00:00,77456.88,0.000255013090655009
2026-04-25 01:00:00,77541.63,0.0010935590083522642
2026-04-25 02:00:00,77607.8,0.0008529841716080739
2026-04-25 03:00:00,77679.07,0.000917914116037538
2026-04-25 04:00:00,77619.05,-0.000772964965556213
2026-04-25 05:00:00,77510.28,-0.0014023140282311553
2026-04-25 06:00:00,77503.63,-8.57987519194403e-05
2026-04-25 07:00:00,77501.19,-3.148289195400368e-05
2026-04-25 08:00:00,77643.37,0.001832871739795491
2026-04-25 09:00:00,77714.55,0.0009163357102188491
2026-04-25 10:00:00,77787.77,0.0009417223538685362
2026-04-25 11:00:00,77682.3,-0.0013567886883920819
2026-04-25 12:00:00,77557.14,-0.0016124771787229414
2026-04-25 13:00:00,77691.69,0.0017333468302190968
2026-04-25 14:00:00,77656.75,-0.00044982750504817724
2026-04-25 15:00:00,77330.26,-0.004213133512885061
2026-04-25 16:00:00,77397.27,0.0008661678266241459
2026-04-25 17:00:00,77245.77,-0.0019593516587376363
2026-04-25 18:00:00,77313.0,0.0008699603942258913
2026-04-25 19:00:00,77330.01,0.00021999054556163248
2026-04-25 20:00:00,77479.13,0.0019265018347166703
2026-04-25 21:00:00,77525.84,0.0006026903706878953
2026-04-25 22:00:00,77557.01,0.00040197868970966166
2026-04-25 23:00:00,77625.0,0.0008762614216741556
2026-04-26 00:00:00,77502.4,-0.0015806366318967863
2026-04-26 01:00:00,77461.16,-0.0005322541760602353
2026-04-26 02:00:00,77512.67,0.0006647574225513981
2026-04-26 03:00:00,77400.21,-0.0014519130979418404
2026-04-26 04:00:00,77774.29,0.004821420074275949
2026-04-26 05:00:00,77983.31,0.002683915590266621
2026-04-26 06:00:00,77999.04,0.0002016894867056427
2026-04-26 07:00:00,78102.53,0.0013259317656076643
2026-04-26 08:00:00,78032.59,-0.0008958907474236414
2026-04-26 09:00:00,77999.99,-0.000417861455272272
2026-04-26 10:00:00,78002.43,3.1281566019059586e-05
2026-04-26 11:00:00,78101.44,0.0012685145253179483
2026-04-26 12:00:00,77833.08,-0.0034419609582341543
2026-04-26 13:00:00,77977.79,0.0018575089351365959
2026-04-26 14:00:00,78095.66,0.0015104429665574856
2026-04-26 15:00:00,78049.0,-0.0005976509396974256
2026-04-26 16:00:00,77919.43,-0.0016614904671034703
2026-04-26 17:00:00,78018.57,0.00127153116440389
2026-04-26 18:00:00,78283.96,0.003395853605642888
2026-04-26 19:00:00,78221.16,-0.0008025296983326278
2026-04-26 20:00:00,78194.22,-0.0003444674080821399
2026-04-26 21:00:00,78417.41,0.0028502372537323527
2026-04-26 22:00:00,78313.52,-0.0013257117177274214
2026-04-26 23:00:00,78657.55,0.004383362499158224
2026-04-27 00:00:00,79308.6,0.008242951877516912
2026-04-27 01:00:00,79283.66,-0.0003145172432197488
2026-04-27 02:00:00,79130.01,-0.0019398584501292059
2026-04-27 03:00:00,79105.49,-0.00030991781485505555
2026-04-27 04:00:00,78924.22,-0.0022941265854661596
2026-04-27 05:00:00,77785.54,-0.014532598867596896
2026-04-27 06:00:00,77700.12,-0.0010987509535430057
2026-04-27 07:00:00,77606.6,-0.0012043266550663325
2026-04-27 08:00:00,77804.34,0.002544738571282424
2026-04-27 09:00:00,77900.01,0.0012288675562293135
2026-04-27 10:00:00,77850.01,-0.0006420545142484387
2026-04-27 11:00:00,77844.26,-7.386270544975721e-05
2026-04-27 12:00:00,77667.36,-0.002275072130329065
2026-04-27 13:00:00,77746.74,0.0010215290234656534
2026-04-27 14:00:00,77815.25,0.0008808064801597926
2026-04-27 15:00:00,76793.09,-0.01322276525260356
2026-04-27 16:00:00,76618.59,-0.0022749255500921703
2026-04-27 17:00:00,76743.24,0.0016255678149990386
2026-04-27 18:00:00,76834.06,0.0011827270122199102
2026-04-27 19:00:00,76878.07,0.0005726288641318793
2026-04-27 20:00:00,76960.43,0.001070733371276939
2026-04-27 21:00:00,76786.81,-0.0022585130477950845
2026-04-27 22:00:00,77066.42,0.0036347668208146756
2026-04-27 23:00:00,77371.32,0.0039485218591879
2026-04-28 00:00:00,77379.62,0.00010726913850011576
2026-04-28 01:00:00,77084.68,-0.003818880588545256
2026-04-28 02:00:00,76890.93,-0.0025166336702122263
2026-04-28 03:00:00,76815.18,-0.0009856472996759892
2026-04-28 04:00:00,76888.08,0.000948581122694794
2026-04-28 05:00:00,76885.98,-2.731279905256567e-05
2026-04-28 06:00:00,76720.0,-0.0021611146206629785
2026-04-28 07:00:00,76879.28,0.0020739687984630334
2026-04-28 08:00:00,76858.59,-0.00026915944815562745
2026-04-28 09:00:00,76598.0,-0.0033962731803821923
2026-04-28 10:00:00,76618.35,0.0002656374482183171
2026-04-28 11:00:00,76229.0,-0.005094636474124764
2026-04-28 12:00:00,76372.05,0.0018748238220025527
2026-04-28 13:00:00,76189.84,-0.002388671071616286
2026-04-28 14:00:00,75949.99,-0.003153023093384331
2026-04-28 15:00:00,76066.38,0.001531282752546451
2026-04-28 16:00:00,76125.04,0.0007708713527325379
2026-04-28 17:00:00,76187.3,0.0008175306540187861
2026-04-28 18:00:00,76242.18,0.0007200707156026627
2026-04-28 19:00:00,76330.97,0.00116390085704329
2026-04-28 20:00:00,76463.95,0.0017406342249507393
2026-04-28 21:00:00,76357.15,-0.0013977129779468996
2026-04-28 22:00:00,76242.17,-0.001506953265048329
2026-04-28 23:00:00,76342.77,0.0013186100093020984
2026-04-29 00:00:00,76512.0,0.002214259576508837
2026-04-29 01:00:00,76571.0,0.0007708237089856471
2026-04-29 02:00:00,76531.29,-0.0005187381702842967
2026-04-29 03:00:00,76994.78,0.006037950533280435
2026-04-29 04:00:00,77269.76,0.0035650486007965036
2026-04-29 05:00:00,77288.38,0.00024094492972153453
2026-04-29 06:00:00,77031.06,-0.0033349037358322746
2026-04-29 07:00:00,77053.64,0.0002930855582888042
2026-04-29 08:00:00,77046.32,-9.500326937784083e-05
2026-04-29 09:00:00,77642.0,0.007701718455103919
2026-04-29 10:00:00,77619.61,-0.000288416436686553
2026-04-29 11:00:00,77590.03,-0.00038116189636321486
2026-04-29 12:00:00,77143.68,-0.005769282440762196
2026-04-29 13:00:00,76783.43,-0.004680795445995087
2026-04-29 14:00:00,76570.0,-0.002783506541757658
2026-04-29 15:00:00,75924.25,-0.008469222411254971
2026-04-29 16:00:00,75803.54,-0.0015911393089827963
2026-04-29 17:00:00,76184.01,0.005006604748099156
2026-04-29 18:00:00,75513.91,-0.008834720457130029
2026-04-29 19:00:00,75563.86,0.0006612488630200559
2026-04-29 20:00:00,75676.79,0.0014933818518756048
2026-04-29 21:00:00,75933.93,0.0033921116734145925
2026-04-29 22:00:00,75927.38,-8.626291981875542e-05
2026-04-29 23:00:00,75780.0,-0.0019429515738000733
2026-04-30 00:00:00,76248.74,0.0061664851703697515
2026-04-30 01:00:00,76232.8,-0.00020907448938501226
2026-04-30 02:00:00,75704.74,-0.006951042200463849
2026-04-30 03:00:00,75928.1,0.0029460657935411094
2026-04-30 04:00:00,75497.0,-0.005693919498335633
2026-04-30 05:00:00,75600.09,0.0013645532947878748
2026-04-30 06:00:00,75753.53,0.0020275703027983977
2026-04-30 07:00:00,76161.67,0.005373273799946209
2026-04-30 08:00:00,76058.17,-0.0013598755057143016
2026-04-30 09:00:00,76097.19,0.000512896829338133
2026-04-30 10:00:00,76028.66,-0.0009009646241673929
2026-04-30 11:00:00,76059.43,0.0004046339252444416
2026-04-30 12:00:00,76308.48,0.003269063962289268
2026-04-30 13:00:00,76420.44,0.0014661273065391493
2026-04-30 14:00:00,76450.52,0.00039353452595846235
